insert into client (ID, NAME, EMAIL)
values(121,'Daniel Ayala','ayala.d@outlook.com');

insert into client (ID, NAME, EMAIL)
values(152,'Mary Lyons','lyons.m@gmail.com');

insert into client (ID, NAME, EMAIL)
values(131,'Kathleen Stevens','stevens.k@icloud.com');

insert into client (ID, NAME, EMAIL)
values(145,'Linda Harvey','harvey.l@outlook.com');

insert into client (ID, NAME, EMAIL)
values(210,'Anita','anita.a@outlook.com');

insert into client (ID, NAME, EMAIL)
values(211,'Jamie Navarro','navarro_j@icloud.com');

insert into client (ID, NAME, EMAIL)
values(182,'Heather Moore','moore.h@outlook.com');

insert into client (ID, NAME, EMAIL)
values(176,'Deborah Wright','wright_d@icloud.com');

insert into client (ID, NAME, EMAIL)
values(153,'Rachel Martin','martin_r@icloud.com');

insert into client (ID, NAME, EMAIL)
values(155,'Scott Leblanc','leblanc_s@icloud.com');

insert into client (ID, NAME, EMAIL)
values(206,'Gretchen Schwartz','schwartz_g@gmail.com');

insert into client (ID, NAME, EMAIL)
values(226,'Lori Heath','heath.l@outlook.com');

insert into client (ID, NAME, EMAIL)
values(233,'Edward Zhang','zhang_e@icloud.com');

insert into client (ID, NAME, EMAIL)
values(139,'Kaylee Ehrmantraut','ehrmantraut.k@gmail.com');

insert into client (ID, NAME, EMAIL)
values(148,'Megan Myers','myers_m@outlook.com');

insert into client (ID, NAME, EMAIL)
values(183,'John Hendricks','hendricks_j@icloud.com');

insert into client (ID, NAME, EMAIL)
values(125,'Gale Boetticher','boetticher.g@gmail.com');

insert into client (ID, NAME, EMAIL)
values(128,'Viola Goto','goto_v@icloud.com');

insert into client (ID, NAME, EMAIL)
values(116,'Teresa Barrett DVM','dvm.t@icloud.com');

insert into client (ID, NAME, EMAIL)
values(221,'Sandra Saunders','saunders.s@outlook.com');

insert into client (ID, NAME, EMAIL)
values(119,'Bill Williams','williams_b@icloud.com');

insert into client (ID, NAME, EMAIL)
values(129,'Sarah Dickerson','dickerson_s@gmail.com');

insert into client (ID, NAME, EMAIL)
values(150,'Marie Schrader','schrader_m@gmail.com');

insert into client (ID, NAME, EMAIL)
values(197,'Tyler Kennedy','kennedy.t@gmail.com');

insert into client (ID, NAME, EMAIL)
values(185,'Patrick Daniel','daniel_p@gmail.com');

insert into client (ID, NAME, EMAIL)
values(166,'Lyle','lyle_l@icloud.com');

insert into client (ID, NAME, EMAIL)
values(174,'Francesca Liddy','liddy_f@outlook.com');

insert into client (ID, NAME, EMAIL)
values(177,'Kevin Wachtell','wachtell.k@icloud.com');

insert into client (ID, NAME, EMAIL)
values(127,'Leonel Salamanca','salamanca.l@gmail.com');

insert into client (ID, NAME, EMAIL)
values(216,'Jennifer Johnson','johnson.j@gmail.com');

insert into client (ID, NAME, EMAIL)
values(137,'Dr. Caldera','caldera_d@gmail.com');

insert into client (ID, NAME, EMAIL)
values(196,'Jonathan Williams','williams_j@gmail.com');

insert into client (ID, NAME, EMAIL)
values(154,'Kelly Mcclain','mcclain.k@gmail.com');

insert into client (ID, NAME, EMAIL)
values(209,'Donald Solis','solis_d@outlook.com');

insert into client (ID, NAME, EMAIL)
values(111,'Mark Vega','vega_m@gmail.com');

insert into client (ID, NAME, EMAIL)
values(109,'Marco Salamanca','salamanca.m@gmail.com');

insert into client (ID, NAME, EMAIL)
values(203,'Jeffery Shelton','shelton_j@outlook.com');

insert into client (ID, NAME, EMAIL)
values(230,'Paige Novick','novick_p@icloud.com');

insert into client (ID, NAME, EMAIL)
values(215,'Lisa Jones','jones_l@gmail.com');

insert into client (ID, NAME, EMAIL)
values(180,'Jimmy McGill','mcgill.j@icloud.com');

insert into client (ID, NAME, EMAIL)
values(141,'Rich Schweikart','schweikart.r@gmail.com');

insert into client (ID, NAME, EMAIL)
values(170,'Walter White','white_w@gmail.com');

insert into client (ID, NAME, EMAIL)
values(217,'Natalie Griffin','griffin.n@icloud.com');

insert into client (ID, NAME, EMAIL)
values(184,'Mary Church','church_m@gmail.com');

insert into client (ID, NAME, EMAIL)
values(105,'Clifford Main','main.c@gmail.com');

insert into client (ID, NAME, EMAIL)
values(191,'Ted Beneke','beneke_t@outlook.com');

insert into client (ID, NAME, EMAIL)
values(193,'Betsy Kettleman','kettleman_b@icloud.com');

insert into client (ID, NAME, EMAIL)
values(144,'Maureen Bruckner','bruckner_m@icloud.com');

insert into client (ID, NAME, EMAIL)
values(112,'Karen Arnold','arnold.k@gmail.com');

insert into client (ID, NAME, EMAIL)
values(117,'Kimberly Wallace','wallace_k@outlook.com');

insert into client (ID, NAME, EMAIL)
values(204,'Patrick Roberts','roberts.p@outlook.com');

insert into client (ID, NAME, EMAIL)
values(160,'Robert Baxter','baxter.r@icloud.com');

insert into client (ID, NAME, EMAIL)
values(192,'Omar','omar_o@outlook.com');

insert into client (ID, NAME, EMAIL)
values(136,'Elizabeth Bush','bush.e@icloud.com');

insert into client (ID, NAME, EMAIL)
values(106,'Erin Brill','brill_e@gmail.com');

insert into client (ID, NAME, EMAIL)
values(151,'Gustago Fring','fring.g@icloud.com');


insert into product (ID, NAME,PRICE,CATEGORY,DESCRIPTION)
values(10,'Notebook Inspiron 13',5599.00,'notebooks','"Tarefas diárias,  estudo e lazer. Windows 11,  Placa de vídeo Intel® Iris® Xe com memória gráfica compartilhada Full HD+ de 13.3” (1920 x 1200) 300nits WVA 100% sRGB Low Blue Light SSD de 256GB PCIe NVMe M.2 Memória de 8GB"');

insert into product (ID, NAME,PRICE,CATEGORY,DESCRIPTION)
values(11,'Notebook XPS 13;',9299.00,'notebooks','"Experiência de alta performance. Windows 11,  Placa de vídeo Intel® Iris® Xe com memória gráfica compartilhada UHD+ Touch de 13.4” (3840 x 2400) 500 nits borda infinita e Anti-Smudge SSD de 1TB PCIe NVMe M.2 Memória de 16GB"');

insert into product (ID, NAME,PRICE,CATEGORY,DESCRIPTION)
values(12,'Novo Notebook Inspiron 15 3000',2997.00,'notebooks','Placa de vídeo Intel® UHD com memória gráfica compartilhada Full HD de 15.6” (1920 x 1080) WVA SSD de 128GB PCIe NVMe M.2 Memória de 4GB');

insert into product (ID, NAME,PRICE,CATEGORY,DESCRIPTION)
values(13,'Notebook Vostro 14 3000',2899.00,'notebooks','Placa de vídeo Intel® UHD com memória gráfica compartilhada HD de 14” (1366 x 768) SSD de 128GB PCIe NVMe M.2 Memória de 4GB');

insert into product (ID, NAME,PRICE,CATEGORY,DESCRIPTION)
values(14,'All in One Inspiron 24 5000',4699.00,'computadores e PCs','11ª geração de Intel® Core™ i5-1135G7 Windows 11 Home Single Language (A Dell Technologies recomenda o Windows 11 Pro para empresas) Placa de vídeo Intel® Iris® Xe com memória gráfica compartilhada SSD de 256GB PCIe NVMe M.2 Memória de 8GB');

insert into product (ID, NAME,PRICE,CATEGORY,DESCRIPTION)
values(15,'Vostro Small Desktop',2851.00,'computadores e PCs','10ª geração de Intel® Core™ i3-10100 Windows 11 Home Single Language (A Dell Technologies recomenda o Windows 11 Pro para empresas) Placa de vídeo Intel® UHD com memória gráfica compartilhada SSD de 256GB PCIe NVMe M.2 Memória de 8GB Desenvolvido para uso profissional');

insert into product (ID, NAME,PRICE,CATEGORY,DESCRIPTION)
values(16,'OptiPlex 3090 Micro',2528.00,'computadores e PCs','Desempenho inteligente para empresas. Intel® Pentium® Gold G6505T Windows 10 Pro (A Dell Technologies recomenda o Windows 11 Pro para empresas) SSD de 128GB PCIe NVMe M.2 (Classe 35) Memória de 4 GB');

insert into product (ID, NAME,PRICE,CATEGORY,DESCRIPTION)
values(17,'Monitor Dell 18.5” E1920H',819.00,'monitores','"18, 5 1366 x 768 a 60Hz 5ms (cinzento-para-cinzento) VGA DisplayPort"');

insert into product (ID, NAME,PRICE,CATEGORY,DESCRIPTION)
values(18,'Monitor Dell de 21.5” E2222HS',1030.00,'monitores','"21.45” Full HD (1080p) 1920 x 1080 a 60Hz,  10 ms (cinza para cinza normal); 5 ms (cinza para cinza rápido) HDMI VGA DisplayPort"');

insert into product (ID, NAME,PRICE,CATEGORY,DESCRIPTION)
values(19,'Monitor Dell Gamer de 27” G2722HS',2512.00,'monitores','27” Full HD (1080p) 1920 x 1080 a 165 Hz AMD FreeSync NVIDIA G-SYNC 1ms (cinza-a-cinza) 2xHDMI DisplayPort');

insert into product (ID, NAME,PRICE,CATEGORY,DESCRIPTION)
values(20,'Mochila Dell Pro EcoLoop para notebook',253.00,'acessorios','');

insert into product (ID, NAME,PRICE,CATEGORY,DESCRIPTION)
values(21,'Teclado e Mouse Dell sem fio KM5221W',244.00,'acessorios','A combinação de um teclado discreto e eficiente com um mouse especialmente projetado aumenta sua produtividade.');

insert into product (ID, NAME,PRICE,CATEGORY,DESCRIPTION)
values(22,'Mouse Dell sem fio WM126 - Preto',99.00,'acessorios','"Modo de conexão sem fio. Emparelhamento universal Dell,  suporta até 6 dispositivos no mesmo receptor."');

insert into product (ID, NAME,PRICE,CATEGORY,DESCRIPTION)
values(23,'Servidor Torre PowerEdge T150',4999.00,'servidores','Intel® Pentium 8GB 1x HD de 2TB 1 ano de assistência básica no local');


insert into sale (CLIENT_ID, PRODUCT_ID, TIMESTAMP)
values(197, 16, '2017-03-09T11:28:58.907349');

insert into sale (CLIENT_ID, PRODUCT_ID, TIMESTAMP)
values(136, 16, '2017-03-21T13:30:31.934349');

insert into sale (CLIENT_ID, PRODUCT_ID, TIMESTAMP)
values(204, 21, '2017-03-25T01:25:46.294066');

insert into sale (CLIENT_ID, PRODUCT_ID, TIMESTAMP)
values(131, 22, '2017-03-26T03:41:34.627030');

insert into sale (CLIENT_ID, PRODUCT_ID, TIMESTAMP)
values(193, 20, '2017-03-28T21:33:01.685548');

insert into sale (CLIENT_ID, PRODUCT_ID, TIMESTAMP)
values(206, 21, '2017-03-31T23:22:36.219530');

insert into sale (CLIENT_ID, PRODUCT_ID, TIMESTAMP)
values(121, 11, '2017-04-13T04:44:55.371405');

insert into sale (CLIENT_ID, PRODUCT_ID, TIMESTAMP)
values(233, 18, '2017-04-23T02:12:50.815946');

insert into sale (CLIENT_ID, PRODUCT_ID, TIMESTAMP)
values(185, 15, '2017-04-25T00:47:46.139458');

insert into sale (CLIENT_ID, PRODUCT_ID, TIMESTAMP)
values(174, 19, '2017-05-02T18:56:51.826974');

insert into sale (CLIENT_ID, PRODUCT_ID, TIMESTAMP)
values(209, 13, '2017-05-17T17:31:02.632500');

insert into sale (CLIENT_ID, PRODUCT_ID, TIMESTAMP)
values(209, 11, '2017-05-21T08:25:24.287911');

insert into sale (CLIENT_ID, PRODUCT_ID, TIMESTAMP)
values(176, 21, '2017-05-22T19:19:59.505434');

insert into sale (CLIENT_ID, PRODUCT_ID, TIMESTAMP)
values(203, 18, '2017-05-25T01:46:34.757185');

insert into sale (CLIENT_ID, PRODUCT_ID, TIMESTAMP)
values(230, 21, '2017-05-28T08:16:31.669782');

insert into sale (CLIENT_ID, PRODUCT_ID, TIMESTAMP)
values(131, 15, '2017-05-30T12:20:47.532911');

insert into sale (CLIENT_ID, PRODUCT_ID, TIMESTAMP)
values(121, 22, '2017-06-01T20:45:38.993630');

insert into sale (CLIENT_ID, PRODUCT_ID, TIMESTAMP)
values(215, 23, '2017-06-04T05:47:34.034437');

insert into sale (CLIENT_ID, PRODUCT_ID, TIMESTAMP)
values(112, 21, '2017-06-04T23:56:38.091726');

insert into sale (CLIENT_ID, PRODUCT_ID, TIMESTAMP)
values(185, 11, '2017-06-09T14:41:16.276669');

insert into sale (CLIENT_ID, PRODUCT_ID, TIMESTAMP)
values(203, 16, '2017-06-12T03:52:59.543434');

insert into sale (CLIENT_ID, PRODUCT_ID, TIMESTAMP)
values(192, 13, '2017-06-14T12:07:02.760995');

insert into sale (CLIENT_ID, PRODUCT_ID, TIMESTAMP)
values(166, 10, '2017-06-18T08:31:07.270001');

insert into sale (CLIENT_ID, PRODUCT_ID, TIMESTAMP)
values(116, 23, '2017-06-27T18:19:52.648988');

insert into sale (CLIENT_ID, PRODUCT_ID, TIMESTAMP)
values(155, 19, '2017-06-27T23:21:09.504313');

insert into sale (CLIENT_ID, PRODUCT_ID, TIMESTAMP)
values(121, 21, '2017-06-29T23:26:05.248518');

insert into sale (CLIENT_ID, PRODUCT_ID, TIMESTAMP)
values(141, 11, '2017-07-05T20:16:42.187339');

insert into sale (CLIENT_ID, PRODUCT_ID, TIMESTAMP)
values(183, 17, '2017-07-06T17:36:16.202955');

insert into sale (CLIENT_ID, PRODUCT_ID, TIMESTAMP)
values(176, 16, '2017-07-08T08:44:36.947792');

insert into sale (CLIENT_ID, PRODUCT_ID, TIMESTAMP)
values(174, 16, '2017-07-10T05:18:16.186023');

insert into sale (CLIENT_ID, PRODUCT_ID, TIMESTAMP)
values(151, 17, '2017-07-16T10:30:22.132331');

insert into sale (CLIENT_ID, PRODUCT_ID, TIMESTAMP)
values(106, 18, '2017-07-27T12:33:57.638562');

insert into sale (CLIENT_ID, PRODUCT_ID, TIMESTAMP)
values(129, 19, '2017-07-30T01:15:00.250134');

insert into sale (CLIENT_ID, PRODUCT_ID, TIMESTAMP)
values(177, 14, '2017-07-31T00:39:34.105685');

insert into sale (CLIENT_ID, PRODUCT_ID, TIMESTAMP)
values(141, 19, '2017-08-09T09:01:13.363457');

insert into sale (CLIENT_ID, PRODUCT_ID, TIMESTAMP)
values(185, 18, '2017-08-17T19:42:42.216871');

insert into sale (CLIENT_ID, PRODUCT_ID, TIMESTAMP)
values(117, 14, '2017-08-18T17:50:01.122568');

insert into sale (CLIENT_ID, PRODUCT_ID, TIMESTAMP)
values(233, 17, '2017-08-27T21:24:27.648967');

insert into sale (CLIENT_ID, PRODUCT_ID, TIMESTAMP)
values(155, 23, '2017-08-31T18:41:28.146959');

insert into sale (CLIENT_ID, PRODUCT_ID, TIMESTAMP)
values(183, 10, '2017-09-07T01:00:45.169935');

insert into sale (CLIENT_ID, PRODUCT_ID, TIMESTAMP)
values(105, 10, '2017-09-12T16:41:02.098023');

insert into sale (CLIENT_ID, PRODUCT_ID, TIMESTAMP)
values(197, 20, '2017-09-17T01:45:45.931522');

insert into sale (CLIENT_ID, PRODUCT_ID, TIMESTAMP)
values(119, 12, '2017-09-17T07:41:57.280829');

insert into sale (CLIENT_ID, PRODUCT_ID, TIMESTAMP)
values(203, 14, '2017-09-21T16:19:15.886023');

insert into sale (CLIENT_ID, PRODUCT_ID, TIMESTAMP)
values(150, 18, '2017-09-23T15:58:47.657935');

insert into sale (CLIENT_ID, PRODUCT_ID, TIMESTAMP)
values(216, 12, '2017-09-25T22:56:25.141793');

insert into sale (CLIENT_ID, PRODUCT_ID, TIMESTAMP)
values(150, 15, '2017-09-26T22:28:37.393968');

insert into sale (CLIENT_ID, PRODUCT_ID, TIMESTAMP)
values(136, 17, '2017-09-30T12:18:20.503832');

insert into sale (CLIENT_ID, PRODUCT_ID, TIMESTAMP)
values(137, 21, '2017-10-10T12:03:04.417037');

insert into sale (CLIENT_ID, PRODUCT_ID, TIMESTAMP)
values(145, 10, '2017-10-11T11:31:27.039317');

insert into sale (CLIENT_ID, PRODUCT_ID, TIMESTAMP)
values(106, 16, '2017-10-17T16:20:39.208416');

insert into sale (CLIENT_ID, PRODUCT_ID, TIMESTAMP)
values(151, 15, '2017-10-17T22:05:58.917962');

insert into sale (CLIENT_ID, PRODUCT_ID, TIMESTAMP)
values(217, 13, '2017-10-18T20:09:08.189020');

insert into sale (CLIENT_ID, PRODUCT_ID, TIMESTAMP)
values(154, 21, '2017-11-07T20:39:30.131463');

insert into sale (CLIENT_ID, PRODUCT_ID, TIMESTAMP)
values(153, 22, '2017-11-15T14:03:21.158682');

insert into sale (CLIENT_ID, PRODUCT_ID, TIMESTAMP)
values(230, 16, '2017-12-16T01:33:37.479954');

insert into sale (CLIENT_ID, PRODUCT_ID, TIMESTAMP)
values(196, 10, '2017-12-20T09:27:09.019751');

insert into sale (CLIENT_ID, PRODUCT_ID, TIMESTAMP)
values(125, 15, '2018-01-15T08:15:36.878543');

insert into sale (CLIENT_ID, PRODUCT_ID, TIMESTAMP)
values(155, 18, '2018-01-27T02:07:24.337349');

insert into sale (CLIENT_ID, PRODUCT_ID, TIMESTAMP)
values(117, 10, '2018-02-02T21:48:01.886671');

insert into sale (CLIENT_ID, PRODUCT_ID, TIMESTAMP)
values(210, 13, '2018-02-04T21:38:19.022290');

insert into sale (CLIENT_ID, PRODUCT_ID, TIMESTAMP)
values(109, 19, '2018-02-06T23:26:58.890140');

insert into sale (CLIENT_ID, PRODUCT_ID, TIMESTAMP)
values(111, 13, '2018-03-20T10:34:07.423626');

insert into sale (CLIENT_ID, PRODUCT_ID, TIMESTAMP)
values(196, 20, '2018-03-25T15:33:03.986097');

insert into sale (CLIENT_ID, PRODUCT_ID, TIMESTAMP)
values(145, 15, '2018-04-09T09:31:21.619764');

insert into sale (CLIENT_ID, PRODUCT_ID, TIMESTAMP)
values(109, 14, '2018-04-14T16:29:21.149774');

insert into sale (CLIENT_ID, PRODUCT_ID, TIMESTAMP)
values(152, 10, '2018-04-21T16:53:35.675685');

insert into sale (CLIENT_ID, PRODUCT_ID, TIMESTAMP)
values(125, 20, '2018-05-02T09:43:50.062001');

insert into sale (CLIENT_ID, PRODUCT_ID, TIMESTAMP)
values(191, 14, '2018-05-07T23:18:34.317156');

insert into sale (CLIENT_ID, PRODUCT_ID, TIMESTAMP)
values(119, 10, '2018-05-08T10:46:07.648934');

insert into sale (CLIENT_ID, PRODUCT_ID, TIMESTAMP)
values(210, 14, '2018-05-10T21:06:21.151420');

insert into sale (CLIENT_ID, PRODUCT_ID, TIMESTAMP)
values(145, 16, '2018-05-12T04:26:07.967552');

insert into sale (CLIENT_ID, PRODUCT_ID, TIMESTAMP)
values(139, 22, '2018-05-19T03:50:18.737892');

insert into sale (CLIENT_ID, PRODUCT_ID, TIMESTAMP)
values(182, 15, '2018-05-21T01:36:46.705594');

insert into sale (CLIENT_ID, PRODUCT_ID, TIMESTAMP)
values(215, 12, '2018-06-12T18:41:02.158457');

insert into sale (CLIENT_ID, PRODUCT_ID, TIMESTAMP)
values(210, 16, '2018-06-23T03:00:40.316232');

insert into sale (CLIENT_ID, PRODUCT_ID, TIMESTAMP)
values(170, 23, '2018-07-19T08:52:35.431349');

insert into sale (CLIENT_ID, PRODUCT_ID, TIMESTAMP)
values(152, 16, '2018-08-05T06:26:39.234721');

insert into sale (CLIENT_ID, PRODUCT_ID, TIMESTAMP)
values(106, 13, '2018-08-10T10:41:27.546571');

insert into sale (CLIENT_ID, PRODUCT_ID, TIMESTAMP)
values(182, 18, '2018-08-14T14:15:35.121328');

insert into sale (CLIENT_ID, PRODUCT_ID, TIMESTAMP)
values(177, 19, '2018-08-22T15:35:58.670682');

insert into sale (CLIENT_ID, PRODUCT_ID, TIMESTAMP)
values(129, 13, '2018-08-26T03:40:09.430135');

insert into sale (CLIENT_ID, PRODUCT_ID, TIMESTAMP)
values(184, 23, '2018-08-28T22:25:12.720016');

insert into sale (CLIENT_ID, PRODUCT_ID, TIMESTAMP)
values(117, 20, '2018-08-29T14:29:32.716355');

insert into sale (CLIENT_ID, PRODUCT_ID, TIMESTAMP)
values(170, 14, '2018-08-31T15:42:16.793493');

insert into sale (CLIENT_ID, PRODUCT_ID, TIMESTAMP)
values(204, 17, '2018-09-02T00:10:39.796279');

insert into sale (CLIENT_ID, PRODUCT_ID, TIMESTAMP)
values(121, 10, '2018-09-08T23:13:39.045990');

insert into sale (CLIENT_ID, PRODUCT_ID, TIMESTAMP)
values(109, 10, '2018-09-10T16:10:14.416218');

insert into sale (CLIENT_ID, PRODUCT_ID, TIMESTAMP)
values(131, 16, '2018-09-24T17:58:38.768373');

insert into sale (CLIENT_ID, PRODUCT_ID, TIMESTAMP)
values(136, 20, '2018-09-27T17:09:05.942837');

insert into sale (CLIENT_ID, PRODUCT_ID, TIMESTAMP)
values(128, 13, '2018-09-29T02:35:31.305426');

insert into sale (CLIENT_ID, PRODUCT_ID, TIMESTAMP)
values(117, 23, '2018-09-29T23:00:21.382285');

insert into sale (CLIENT_ID, PRODUCT_ID, TIMESTAMP)
values(196, 11, '2018-10-02T19:44:30.538258');

insert into sale (CLIENT_ID, PRODUCT_ID, TIMESTAMP)
values(206, 13, '2018-10-03T06:09:37.029517');

insert into sale (CLIENT_ID, PRODUCT_ID, TIMESTAMP)
values(192, 10, '2018-10-04T10:26:55.273075');

insert into sale (CLIENT_ID, PRODUCT_ID, TIMESTAMP)
values(174, 18, '2018-10-11T11:08:46.833359');

insert into sale (CLIENT_ID, PRODUCT_ID, TIMESTAMP)
values(230, 14, '2018-10-22T02:23:08.336264');

insert into sale (CLIENT_ID, PRODUCT_ID, TIMESTAMP)
values(226, 10, '2018-10-30T08:28:27.842878');

insert into sale (CLIENT_ID, PRODUCT_ID, TIMESTAMP)
values(176, 11, '2018-11-14T20:45:40.746942');

insert into sale (CLIENT_ID, PRODUCT_ID, TIMESTAMP)
values(119, 18, '2018-11-21T02:53:21.884615');

insert into sale (CLIENT_ID, PRODUCT_ID, TIMESTAMP)
values(233, 10, '2018-11-22T20:08:10.792260');

insert into sale (CLIENT_ID, PRODUCT_ID, TIMESTAMP)
values(226, 19, '2018-11-28T05:21:41.260229');

insert into sale (CLIENT_ID, PRODUCT_ID, TIMESTAMP)
values(154, 20, '2018-11-30T06:51:42.509408');

insert into sale (CLIENT_ID, PRODUCT_ID, TIMESTAMP)
values(221, 16, '2018-12-05T03:10:34.634726');

insert into sale (CLIENT_ID, PRODUCT_ID, TIMESTAMP)
values(127, 16, '2018-12-05T09:03:23.844161');

insert into sale (CLIENT_ID, PRODUCT_ID, TIMESTAMP)
values(221, 13, '2018-12-22T19:42:27.396913');

insert into sale (CLIENT_ID, PRODUCT_ID, TIMESTAMP)
values(177, 16, '2018-12-24T07:30:43.944857');

insert into sale (CLIENT_ID, PRODUCT_ID, TIMESTAMP)
values(116, 22, '2018-12-27T08:23:38.473749');

insert into sale (CLIENT_ID, PRODUCT_ID, TIMESTAMP)
values(152, 21, '2018-12-30T01:06:46.214604');

insert into sale (CLIENT_ID, PRODUCT_ID, TIMESTAMP)
values(196, 12, '2019-01-10T02:02:49.361744');

insert into sale (CLIENT_ID, PRODUCT_ID, TIMESTAMP)
values(166, 17, '2019-01-12T22:21:37.238315');

insert into sale (CLIENT_ID, PRODUCT_ID, TIMESTAMP)
values(176, 14, '2019-01-15T18:14:19.178067');

insert into sale (CLIENT_ID, PRODUCT_ID, TIMESTAMP)
values(221, 10, '2019-01-16T22:11:44.171770');

insert into sale (CLIENT_ID, PRODUCT_ID, TIMESTAMP)
values(121, 16, '2019-01-27T07:19:14.858405');

insert into sale (CLIENT_ID, PRODUCT_ID, TIMESTAMP)
values(150, 10, '2019-02-02T15:27:55.543382');

insert into sale (CLIENT_ID, PRODUCT_ID, TIMESTAMP)
values(197, 10, '2019-02-04T00:16:04.108644');

insert into sale (CLIENT_ID, PRODUCT_ID, TIMESTAMP)
values(131, 21, '2019-02-13T21:59:27.124951');

insert into sale (CLIENT_ID, PRODUCT_ID, TIMESTAMP)
values(145, 14, '2019-02-20T08:56:18.338753');

insert into sale (CLIENT_ID, PRODUCT_ID, TIMESTAMP)
values(117, 22, '2019-02-22T19:02:18.297581');

insert into sale (CLIENT_ID, PRODUCT_ID, TIMESTAMP)
values(197, 17, '2019-03-02T22:38:26.226824');

insert into sale (CLIENT_ID, PRODUCT_ID, TIMESTAMP)
values(177, 11, '2019-03-03T00:05:46.005821');

insert into sale (CLIENT_ID, PRODUCT_ID, TIMESTAMP)
values(191, 17, '2019-03-13T06:49:43.725512');

insert into sale (CLIENT_ID, PRODUCT_ID, TIMESTAMP)
values(136, 18, '2019-03-26T19:31:27.676201');

insert into sale (CLIENT_ID, PRODUCT_ID, TIMESTAMP)
values(125, 21, '2019-03-29T06:31:35.366611');

insert into sale (CLIENT_ID, PRODUCT_ID, TIMESTAMP)
values(180, 18, '2019-03-29T17:10:19.048764');

insert into sale (CLIENT_ID, PRODUCT_ID, TIMESTAMP)
values(174, 20, '2019-04-02T23:35:04.057293');

insert into sale (CLIENT_ID, PRODUCT_ID, TIMESTAMP)
values(203, 12, '2019-04-05T15:31:27.276862');

insert into sale (CLIENT_ID, PRODUCT_ID, TIMESTAMP)
values(127, 12, '2019-04-12T07:25:07.577380');

insert into sale (CLIENT_ID, PRODUCT_ID, TIMESTAMP)
values(197, 13, '2019-04-15T07:07:50.167618');

insert into sale (CLIENT_ID, PRODUCT_ID, TIMESTAMP)
values(176, 20, '2019-04-16T01:43:17.305755');

insert into sale (CLIENT_ID, PRODUCT_ID, TIMESTAMP)
values(151, 23, '2019-04-21T17:44:18.701094');

insert into sale (CLIENT_ID, PRODUCT_ID, TIMESTAMP)
values(210, 23, '2019-04-30T16:17:38.818386');

insert into sale (CLIENT_ID, PRODUCT_ID, TIMESTAMP)
values(116, 20, '2019-05-03T04:03:44.147023');

insert into sale (CLIENT_ID, PRODUCT_ID, TIMESTAMP)
values(197, 19, '2019-05-03T19:52:53.131977');

insert into sale (CLIENT_ID, PRODUCT_ID, TIMESTAMP)
values(153, 20, '2019-05-06T15:23:32.067748');

insert into sale (CLIENT_ID, PRODUCT_ID, TIMESTAMP)
values(211, 22, '2019-05-16T18:53:12.018431');

insert into sale (CLIENT_ID, PRODUCT_ID, TIMESTAMP)
values(206, 15, '2019-05-28T09:51:28.734707');

insert into sale (CLIENT_ID, PRODUCT_ID, TIMESTAMP)
values(183, 16, '2019-05-29T01:20:36.272508');

insert into sale (CLIENT_ID, PRODUCT_ID, TIMESTAMP)
values(196, 14, '2019-05-29T16:24:59.572532');

insert into sale (CLIENT_ID, PRODUCT_ID, TIMESTAMP)
values(193, 11, '2019-05-31T03:21:35.097254');

insert into sale (CLIENT_ID, PRODUCT_ID, TIMESTAMP)
values(109, 11, '2019-06-03T19:43:03.361477');

insert into sale (CLIENT_ID, PRODUCT_ID, TIMESTAMP)
values(182, 20, '2019-06-11T15:02:24.818771');

insert into sale (CLIENT_ID, PRODUCT_ID, TIMESTAMP)
values(154, 15, '2019-06-21T23:42:23.215370');

insert into sale (CLIENT_ID, PRODUCT_ID, TIMESTAMP)
values(150, 16, '2019-06-29T21:00:27.408420');

insert into sale (CLIENT_ID, PRODUCT_ID, TIMESTAMP)
values(177, 15, '2019-07-04T07:16:43.227752');

insert into sale (CLIENT_ID, PRODUCT_ID, TIMESTAMP)
values(150, 17, '2019-07-07T21:44:52.913558');

insert into sale (CLIENT_ID, PRODUCT_ID, TIMESTAMP)
values(131, 14, '2019-07-13T18:51:31.648596');

insert into sale (CLIENT_ID, PRODUCT_ID, TIMESTAMP)
values(183, 13, '2019-07-14T20:57:47.234874');

insert into sale (CLIENT_ID, PRODUCT_ID, TIMESTAMP)
values(153, 13, '2019-07-28T15:25:17.368498');

insert into sale (CLIENT_ID, PRODUCT_ID, TIMESTAMP)
values(174, 17, '2019-07-31T21:24:08.131875');

insert into sale (CLIENT_ID, PRODUCT_ID, TIMESTAMP)
values(217, 16, '2019-08-01T10:51:14.529003');

insert into sale (CLIENT_ID, PRODUCT_ID, TIMESTAMP)
values(210, 11, '2019-08-07T19:12:39.258544');

insert into sale (CLIENT_ID, PRODUCT_ID, TIMESTAMP)
values(191, 13, '2019-08-14T13:08:51.080693');

insert into sale (CLIENT_ID, PRODUCT_ID, TIMESTAMP)
values(233, 11, '2019-08-22T21:18:43.809507');

insert into sale (CLIENT_ID, PRODUCT_ID, TIMESTAMP)
values(151, 21, '2019-08-23T11:11:06.653319');

insert into sale (CLIENT_ID, PRODUCT_ID, TIMESTAMP)
values(129, 17, '2019-09-03T01:08:53.978331');

insert into sale (CLIENT_ID, PRODUCT_ID, TIMESTAMP)
values(152, 14, '2019-09-07T05:32:41.225391');

insert into sale (CLIENT_ID, PRODUCT_ID, TIMESTAMP)
values(180, 19, '2019-09-24T20:59:47.395558');

insert into sale (CLIENT_ID, PRODUCT_ID, TIMESTAMP)
values(121, 15, '2019-10-01T03:54:16.026707');

insert into sale (CLIENT_ID, PRODUCT_ID, TIMESTAMP)
values(145, 22, '2019-10-06T21:53:12.001219');

insert into sale (CLIENT_ID, PRODUCT_ID, TIMESTAMP)
values(177, 20, '2019-10-10T11:23:12.987466');

insert into sale (CLIENT_ID, PRODUCT_ID, TIMESTAMP)
values(184, 14, '2019-10-20T14:36:41.210596');

insert into sale (CLIENT_ID, PRODUCT_ID, TIMESTAMP)
values(215, 13, '2019-10-22T01:55:43.614794');

insert into sale (CLIENT_ID, PRODUCT_ID, TIMESTAMP)
values(193, 22, '2019-10-24T06:55:33.413849');

insert into sale (CLIENT_ID, PRODUCT_ID, TIMESTAMP)
values(166, 18, '2019-10-27T19:58:19.970420');

insert into sale (CLIENT_ID, PRODUCT_ID, TIMESTAMP)
values(139, 13, '2019-11-02T12:20:56.046041');

insert into sale (CLIENT_ID, PRODUCT_ID, TIMESTAMP)
values(182, 19, '2019-11-13T17:53:57.881481');

insert into sale (CLIENT_ID, PRODUCT_ID, TIMESTAMP)
values(185, 17, '2019-11-28T10:28:45.845122');

insert into sale (CLIENT_ID, PRODUCT_ID, TIMESTAMP)
values(217, 10, '2019-11-30T06:05:29.157195');

insert into sale (CLIENT_ID, PRODUCT_ID, TIMESTAMP)
values(193, 23, '2019-12-01T13:19:55.460233');

insert into sale (CLIENT_ID, PRODUCT_ID, TIMESTAMP)
values(166, 16, '2019-12-18T09:17:16.773285');

insert into sale (CLIENT_ID, PRODUCT_ID, TIMESTAMP)
values(170, 10, '2019-12-23T00:35:02.712541');

insert into sale (CLIENT_ID, PRODUCT_ID, TIMESTAMP)
values(210, 15, '2019-12-25T15:22:14.272773');

insert into sale (CLIENT_ID, PRODUCT_ID, TIMESTAMP)
values(203, 13, '2019-12-26T02:52:38.809145');

insert into sale (CLIENT_ID, PRODUCT_ID, TIMESTAMP)
values(206, 16, '2019-12-28T11:13:46.375824');

insert into sale (CLIENT_ID, PRODUCT_ID, TIMESTAMP)
values(136, 11, '2019-12-28T13:39:35.096663');

insert into sale (CLIENT_ID, PRODUCT_ID, TIMESTAMP)
values(127, 17, '2020-01-01T01:23:47.915369');

insert into sale (CLIENT_ID, PRODUCT_ID, TIMESTAMP)
values(183, 19, '2020-01-10T00:40:00.219616');

insert into sale (CLIENT_ID, PRODUCT_ID, TIMESTAMP)
values(112, 10, '2020-01-25T11:51:44.573519');

insert into sale (CLIENT_ID, PRODUCT_ID, TIMESTAMP)
values(127, 22, '2020-01-27T09:17:18.901747');

insert into sale (CLIENT_ID, PRODUCT_ID, TIMESTAMP)
values(180, 11, '2020-02-02T18:11:22.599463');

insert into sale (CLIENT_ID, PRODUCT_ID, TIMESTAMP)
values(127, 15, '2020-02-12T15:45:20.830512');

insert into sale (CLIENT_ID, PRODUCT_ID, TIMESTAMP)
values(204, 20, '2020-02-23T12:49:00.475275');

insert into sale (CLIENT_ID, PRODUCT_ID, TIMESTAMP)
values(160, 19, '2020-03-09T16:40:10.145836');

insert into sale (CLIENT_ID, PRODUCT_ID, TIMESTAMP)
values(204, 12, '2020-03-21T21:07:36.054858');

insert into sale (CLIENT_ID, PRODUCT_ID, TIMESTAMP)
values(183, 20, '2020-03-24T11:35:19.857849');

insert into sale (CLIENT_ID, PRODUCT_ID, TIMESTAMP)
values(180, 17, '2020-03-26T18:22:28.242383');

insert into sale (CLIENT_ID, PRODUCT_ID, TIMESTAMP)
values(177, 13, '2020-03-29T09:29:11.316552');

insert into sale (CLIENT_ID, PRODUCT_ID, TIMESTAMP)
values(151, 11, '2020-04-07T04:50:25.334153');

insert into sale (CLIENT_ID, PRODUCT_ID, TIMESTAMP)
values(215, 19, '2020-04-07T10:24:40.689993');

insert into sale (CLIENT_ID, PRODUCT_ID, TIMESTAMP)
values(191, 16, '2020-04-13T08:21:53.828240');

insert into sale (CLIENT_ID, PRODUCT_ID, TIMESTAMP)
values(192, 14, '2020-04-26T02:43:59.800111');

insert into sale (CLIENT_ID, PRODUCT_ID, TIMESTAMP)
values(144, 14, '2020-04-30T05:39:14.280316');

insert into sale (CLIENT_ID, PRODUCT_ID, TIMESTAMP)
values(137, 15, '2020-05-01T04:37:26.575661');

insert into sale (CLIENT_ID, PRODUCT_ID, TIMESTAMP)
values(105, 21, '2020-05-15T03:24:59.724370');

insert into sale (CLIENT_ID, PRODUCT_ID, TIMESTAMP)
values(139, 16, '2020-05-16T11:25:32.584770');

insert into sale (CLIENT_ID, PRODUCT_ID, TIMESTAMP)
values(184, 19, '2020-06-05T10:16:12.784719');

insert into sale (CLIENT_ID, PRODUCT_ID, TIMESTAMP)
values(174, 14, '2020-06-21T03:09:09.162372');

insert into sale (CLIENT_ID, PRODUCT_ID, TIMESTAMP)
values(183, 15, '2020-06-23T20:48:31.203430');

insert into sale (CLIENT_ID, PRODUCT_ID, TIMESTAMP)
values(141, 17, '2020-07-02T17:41:21.083240');

insert into sale (CLIENT_ID, PRODUCT_ID, TIMESTAMP)
values(137, 22, '2020-07-09T15:43:01.646751');

insert into sale (CLIENT_ID, PRODUCT_ID, TIMESTAMP)
values(125, 12, '2020-07-10T13:50:58.366030');

insert into sale (CLIENT_ID, PRODUCT_ID, TIMESTAMP)
values(216, 11, '2020-07-10T17:35:01.217701');

insert into sale (CLIENT_ID, PRODUCT_ID, TIMESTAMP)
values(211, 16, '2020-07-14T05:00:36.680462');

insert into sale (CLIENT_ID, PRODUCT_ID, TIMESTAMP)
values(184, 15, '2020-08-01T21:26:16.268090');

insert into sale (CLIENT_ID, PRODUCT_ID, TIMESTAMP)
values(166, 11, '2020-08-02T11:28:55.301377');

insert into sale (CLIENT_ID, PRODUCT_ID, TIMESTAMP)
values(203, 11, '2020-08-10T11:33:38.052661');

insert into sale (CLIENT_ID, PRODUCT_ID, TIMESTAMP)
values(128, 15, '2020-08-12T07:32:58.020080');

insert into sale (CLIENT_ID, PRODUCT_ID, TIMESTAMP)
values(226, 17, '2020-08-14T02:57:16.697367');

insert into sale (CLIENT_ID, PRODUCT_ID, TIMESTAMP)
values(112, 20, '2020-08-26T06:09:28.745751');

insert into sale (CLIENT_ID, PRODUCT_ID, TIMESTAMP)
values(185, 20, '2020-08-30T17:12:46.339993');

insert into sale (CLIENT_ID, PRODUCT_ID, TIMESTAMP)
values(136, 12, '2020-09-11T14:18:47.236820');

insert into sale (CLIENT_ID, PRODUCT_ID, TIMESTAMP)
values(196, 17, '2020-09-14T22:02:54.792650');

insert into sale (CLIENT_ID, PRODUCT_ID, TIMESTAMP)
values(182, 17, '2020-09-17T14:18:22.049090');

insert into sale (CLIENT_ID, PRODUCT_ID, TIMESTAMP)
values(127, 10, '2020-09-19T23:17:27.998024');

insert into sale (CLIENT_ID, PRODUCT_ID, TIMESTAMP)
values(170, 18, '2020-10-09T09:15:54.510570');

insert into sale (CLIENT_ID, PRODUCT_ID, TIMESTAMP)
values(117, 19, '2020-10-20T02:02:58.665862');

insert into sale (CLIENT_ID, PRODUCT_ID, TIMESTAMP)
values(139, 19, '2020-10-28T00:14:44.607917');

insert into sale (CLIENT_ID, PRODUCT_ID, TIMESTAMP)
values(180, 12, '2020-11-07T17:00:26.993216');

insert into sale (CLIENT_ID, PRODUCT_ID, TIMESTAMP)
values(192, 15, '2020-11-09T16:51:54.486765');

insert into sale (CLIENT_ID, PRODUCT_ID, TIMESTAMP)
values(197, 18, '2020-11-09T20:11:27.582496');

insert into sale (CLIENT_ID, PRODUCT_ID, TIMESTAMP)
values(204, 14, '2020-11-16T01:10:22.814532');

insert into sale (CLIENT_ID, PRODUCT_ID, TIMESTAMP)
values(145, 17, '2020-11-21T20:54:28.090447');

insert into sale (CLIENT_ID, PRODUCT_ID, TIMESTAMP)
values(210, 12, '2020-12-07T06:23:26.111092');

insert into sale (CLIENT_ID, PRODUCT_ID, TIMESTAMP)
values(148, 13, '2020-12-10T04:57:23.051297');

insert into sale (CLIENT_ID, PRODUCT_ID, TIMESTAMP)
values(111, 11, '2020-12-10T18:25:47.918350');

insert into sale (CLIENT_ID, PRODUCT_ID, TIMESTAMP)
values(144, 13, '2020-12-17T13:10:38.951676');

insert into sale (CLIENT_ID, PRODUCT_ID, TIMESTAMP)
values(215, 15, '2020-12-21T09:28:11.798686');

insert into sale (CLIENT_ID, PRODUCT_ID, TIMESTAMP)
values(221, 21, '2021-01-05T22:18:37.515755');

insert into sale (CLIENT_ID, PRODUCT_ID, TIMESTAMP)
values(136, 21, '2021-01-11T00:18:27.985616');

insert into sale (CLIENT_ID, PRODUCT_ID, TIMESTAMP)
values(193, 16, '2021-01-15T08:23:39.284613');

insert into sale (CLIENT_ID, PRODUCT_ID, TIMESTAMP)
values(139, 10, '2021-02-04T09:51:56.859454');

insert into sale (CLIENT_ID, PRODUCT_ID, TIMESTAMP)
values(174, 15, '2021-02-16T23:52:30.631068');

insert into sale (CLIENT_ID, PRODUCT_ID, TIMESTAMP)
values(141, 14, '2021-02-19T16:52:49.132324');

insert into sale (CLIENT_ID, PRODUCT_ID, TIMESTAMP)
values(233, 16, '2021-03-04T15:05:41.375264');

insert into sale (CLIENT_ID, PRODUCT_ID, TIMESTAMP)
values(166, 22, '2021-03-06T03:34:44.216702');

insert into sale (CLIENT_ID, PRODUCT_ID, TIMESTAMP)
values(148, 21, '2021-03-30T22:58:00.907312');

insert into sale (CLIENT_ID, PRODUCT_ID, TIMESTAMP)
values(170, 17, '2021-04-05T11:11:53.230213');

insert into sale (CLIENT_ID, PRODUCT_ID, TIMESTAMP)
values(128, 20, '2021-04-10T01:01:24.846620');

insert into sale (CLIENT_ID, PRODUCT_ID, TIMESTAMP)
values(145, 13, '2021-04-19T20:55:16.444159');

insert into sale (CLIENT_ID, PRODUCT_ID, TIMESTAMP)
values(209, 15, '2021-04-29T01:46:02.450223');

insert into sale (CLIENT_ID, PRODUCT_ID, TIMESTAMP)
values(230, 17, '2021-04-30T09:52:48.084752');

insert into sale (CLIENT_ID, PRODUCT_ID, TIMESTAMP)
values(184, 17, '2021-05-03T04:57:04.816010');

insert into sale (CLIENT_ID, PRODUCT_ID, TIMESTAMP)
values(151, 12, '2021-05-05T08:59:58.377181');

insert into sale (CLIENT_ID, PRODUCT_ID, TIMESTAMP)
values(128, 14, '2021-05-10T03:01:21.202068');

insert into sale (CLIENT_ID, PRODUCT_ID, TIMESTAMP)
values(145, 23, '2021-05-17T20:47:38.601613');

insert into sale (CLIENT_ID, PRODUCT_ID, TIMESTAMP)
values(226, 13, '2021-05-24T13:00:33.095794');

insert into sale (CLIENT_ID, PRODUCT_ID, TIMESTAMP)
values(150, 13, '2021-05-30T18:15:55.042691');

insert into sale (CLIENT_ID, PRODUCT_ID, TIMESTAMP)
values(109, 22, '2021-05-30T22:20:05.469210');

insert into sale (CLIENT_ID, PRODUCT_ID, TIMESTAMP)
values(131, 18, '2021-06-01T21:00:04.892723');

insert into sale (CLIENT_ID, PRODUCT_ID, TIMESTAMP)
values(119, 17, '2021-06-07T21:34:12.246529');

insert into sale (CLIENT_ID, PRODUCT_ID, TIMESTAMP)
values(131, 11, '2021-06-12T05:00:00.968022');

insert into sale (CLIENT_ID, PRODUCT_ID, TIMESTAMP)
values(185, 14, '2021-06-13T18:11:23.995357');

insert into sale (CLIENT_ID, PRODUCT_ID, TIMESTAMP)
values(185, 21, '2021-06-16T23:20:59.674483');

insert into sale (CLIENT_ID, PRODUCT_ID, TIMESTAMP)
values(116, 17, '2021-06-19T20:23:03.397472');

insert into sale (CLIENT_ID, PRODUCT_ID, TIMESTAMP)
values(152, 11, '2021-06-20T20:15:21.515119');

insert into sale (CLIENT_ID, PRODUCT_ID, TIMESTAMP)
values(119, 16, '2021-07-08T06:51:17.395112');

insert into sale (CLIENT_ID, PRODUCT_ID, TIMESTAMP)
values(185, 12, '2021-07-08T15:25:39.960974');

insert into sale (CLIENT_ID, PRODUCT_ID, TIMESTAMP)
values(182, 22, '2021-08-01T17:23:18.418529');

insert into sale (CLIENT_ID, PRODUCT_ID, TIMESTAMP)
values(153, 10, '2021-08-02T02:45:20.718704');

insert into sale (CLIENT_ID, PRODUCT_ID, TIMESTAMP)
values(209, 14, '2021-08-02T15:26:02.964149');

insert into sale (CLIENT_ID, PRODUCT_ID, TIMESTAMP)
values(111, 22, '2021-08-05T06:24:27.460105');

insert into sale (CLIENT_ID, PRODUCT_ID, TIMESTAMP)
values(112, 11, '2021-08-05T14:29:25.728680');

insert into sale (CLIENT_ID, PRODUCT_ID, TIMESTAMP)
values(131, 12, '2021-08-19T08:32:04.814135');

insert into sale (CLIENT_ID, PRODUCT_ID, TIMESTAMP)
values(106, 21, '2021-08-29T10:45:04.759045');

insert into sale (CLIENT_ID, PRODUCT_ID, TIMESTAMP)
values(119, 19, '2021-08-30T02:14:12.487019');

insert into sale (CLIENT_ID, PRODUCT_ID, TIMESTAMP)
values(117, 13, '2021-09-16T15:21:30.795917');

insert into sale (CLIENT_ID, PRODUCT_ID, TIMESTAMP)
values(144, 10, '2021-10-01T02:41:31.517517');

insert into sale (CLIENT_ID, PRODUCT_ID, TIMESTAMP)
values(105, 16, '2021-10-02T02:16:09.831445');

insert into sale (CLIENT_ID, PRODUCT_ID, TIMESTAMP)
values(152, 19, '2021-10-02T08:45:12.863972');

insert into sale (CLIENT_ID, PRODUCT_ID, TIMESTAMP)
values(148, 23, '2021-10-10T20:30:41.736461');

insert into sale (CLIENT_ID, PRODUCT_ID, TIMESTAMP)
values(217, 11, '2021-10-12T16:50:33.731696');

insert into sale (CLIENT_ID, PRODUCT_ID, TIMESTAMP)
values(128, 11, '2021-10-16T13:47:57.279010');

insert into sale (CLIENT_ID, PRODUCT_ID, TIMESTAMP)
values(216, 10, '2021-10-22T07:55:47.078503');

insert into sale (CLIENT_ID, PRODUCT_ID, TIMESTAMP)
values(136, 19, '2021-10-25T23:38:31.170075');

insert into sale (CLIENT_ID, PRODUCT_ID, TIMESTAMP)
values(221, 12, '2021-11-10T00:18:36.555653');

insert into sale (CLIENT_ID, PRODUCT_ID, TIMESTAMP)
values(119, 14, '2021-11-10T16:48:38.304021');

insert into sale (CLIENT_ID, PRODUCT_ID, TIMESTAMP)
values(144, 22, '2021-11-14T01:25:44.380689');

insert into sale (CLIENT_ID, PRODUCT_ID, TIMESTAMP)
values(230, 23, '2021-11-16T11:26:39.606919');

insert into sale (CLIENT_ID, PRODUCT_ID, TIMESTAMP)
values(204, 15, '2021-11-22T07:15:01.039546');

insert into sale (CLIENT_ID, PRODUCT_ID, TIMESTAMP)
values(210, 17, '2021-11-24T05:25:57.265607');

insert into sale (CLIENT_ID, PRODUCT_ID, TIMESTAMP)
values(209, 16, '2021-12-02T15:34:24.410281');

insert into sale (CLIENT_ID, PRODUCT_ID, TIMESTAMP)
values(176, 18, '2021-12-03T09:40:40.991407');

insert into sale (CLIENT_ID, PRODUCT_ID, TIMESTAMP)
values(176, 22, '2021-12-04T09:25:59.565894');

insert into sale (CLIENT_ID, PRODUCT_ID, TIMESTAMP)
values(148, 15, '2021-12-04T16:40:06.272787');

insert into sale (CLIENT_ID, PRODUCT_ID, TIMESTAMP)
values(160, 13, '2021-12-09T16:22:54.374920');

insert into sale (CLIENT_ID, PRODUCT_ID, TIMESTAMP)
values(121, 18, '2021-12-19T22:12:21.619377');

insert into sale (CLIENT_ID, PRODUCT_ID, TIMESTAMP)
values(183, 22, '2022-01-11T05:10:45.660547');

insert into sale (CLIENT_ID, PRODUCT_ID, TIMESTAMP)
values(105, 23, '2022-01-20T07:51:31.547803');

insert into sale (CLIENT_ID, PRODUCT_ID, TIMESTAMP)
values(139, 15, '2022-01-25T16:34:57.086141');

insert into sale (CLIENT_ID, PRODUCT_ID, TIMESTAMP)
values(111, 17, '2022-01-26T16:55:04.584956');

insert into sale (CLIENT_ID, PRODUCT_ID, TIMESTAMP)
values(116, 19, '2022-01-31T02:21:26.090057');

insert into sale (CLIENT_ID, PRODUCT_ID, TIMESTAMP)
values(112, 15, '2022-01-31T19:31:35.414735');

insert into sale (CLIENT_ID, PRODUCT_ID, TIMESTAMP)
values(127, 19, '2022-02-11T21:46:43.360676');

insert into sale (CLIENT_ID, PRODUCT_ID, TIMESTAMP)
values(230, 18, '2022-02-13T09:30:53.773520');

insert into sale (CLIENT_ID, PRODUCT_ID, TIMESTAMP)
values(176, 17, '2022-02-17T13:44:26.423303');

insert into sale (CLIENT_ID, PRODUCT_ID, TIMESTAMP)
values(211, 13, '2022-02-27T03:17:18.766511');

insert into sale (CLIENT_ID, PRODUCT_ID, TIMESTAMP)
values(226, 22, '2022-02-28T00:35:44.078304');

insert into sale (CLIENT_ID, PRODUCT_ID, TIMESTAMP)
values(191, 21, '2022-03-03T18:06:41.620449');

insert into sale (CLIENT_ID, PRODUCT_ID, TIMESTAMP)
values(106, 23, '2022-03-05T00:24:10.269176');

insert into sale (CLIENT_ID, PRODUCT_ID, TIMESTAMP)
values(148, 12, '2022-03-07T20:46:01.172506');

insert into sale (CLIENT_ID, PRODUCT_ID, TIMESTAMP)
values(160, 14, '2022-03-13T22:20:30.194694');

insert into sale (CLIENT_ID, PRODUCT_ID, TIMESTAMP)
values(106, 22, '2022-03-19T10:33:55.308138');

insert into sale (CLIENT_ID, PRODUCT_ID, TIMESTAMP)
values(139, 18, '2022-03-21T01:21:54.042039');

insert into sale (CLIENT_ID, PRODUCT_ID, TIMESTAMP)
values(127, 21, '2022-04-07T16:12:38.327415');


insert into lead (ID, NAME, EMAIL, SALES_PAGE)
values(1, 'Sara Morse', 'morse_s@gmail.com', 'acessorios');

insert into lead (ID, NAME, EMAIL, SALES_PAGE)
values(2, 'Karen Parker', 'parker_k@icloud.com', 'notebooks');

insert into lead (ID, NAME, EMAIL, SALES_PAGE)
values(3, 'Skyler White', 'white.s@gmail.com', 'notebooks');

insert into lead (ID, NAME, EMAIL, SALES_PAGE)
values(4, 'Hector Salamanca', 'salamanca.h@outlook.com', 'monitores');

insert into lead (ID, NAME, EMAIL, SALES_PAGE)
values(5, 'Martin Underwood', 'underwood_m@outlook.com', 'monitores');

insert into lead (ID, NAME, EMAIL, SALES_PAGE)
values(6, 'Clifford Main', 'main.c@gmail.com', 'monitores');

insert into lead (ID, NAME, EMAIL, SALES_PAGE)
values(7, 'Erin Brill', 'brill_e@gmail.com', 'monitores');

insert into lead (ID, NAME, EMAIL, SALES_PAGE)
values(8, 'Tyrus Kitt', 'kitt_t@gmail.com', 'acessorios');

insert into lead (ID, NAME, EMAIL, SALES_PAGE)
values(9, 'Gary Ramos', 'ramos.g@outlook.com', 'notebooks');

insert into lead (ID, NAME, EMAIL, SALES_PAGE)
values(10, 'Marco Salamanca', 'salamanca.m@gmail.com', 'acessorios');

insert into lead (ID, NAME, EMAIL, SALES_PAGE)
values(11, 'Steven Gomez', 'gomez_s@icloud.com', 'monitores');

insert into lead (ID, NAME, EMAIL, SALES_PAGE)
values(12, 'Mark Vega', 'vega_m@gmail.com', 'acessorios');

insert into lead (ID, NAME, EMAIL, SALES_PAGE)
values(13, 'Karen Arnold', 'arnold.k@gmail.com', 'monitores');

insert into lead (ID, NAME, EMAIL, SALES_PAGE)
values(14, 'Tracey Stokes', 'stokes_t@outlook.com', 'acessorios');

insert into lead (ID, NAME, EMAIL, SALES_PAGE)
values(15, 'Howard Hamlin', 'hamlin.h@outlook.com', 'notebooks');

insert into lead (ID, NAME, EMAIL, SALES_PAGE)
values(16, 'Tuco Salamanca', 'salamanca.t@outlook.com', 'acessorios');

insert into lead (ID, NAME, EMAIL, SALES_PAGE)
values(17, 'Teresa Barrett DVM', 'dvm.t@icloud.com', 'monitores');

insert into lead (ID, NAME, EMAIL, SALES_PAGE)
values(18, 'Kimberly Wallace', 'wallace_k@outlook.com', 'acessorios');

insert into lead (ID, NAME, EMAIL, SALES_PAGE)
values(19, 'James Jones', 'jones_j@gmail.com', 'monitores');

insert into lead (ID, NAME, EMAIL, SALES_PAGE)
values(20, 'Bill Williams', 'williams_b@icloud.com', 'notebooks');

insert into lead (ID, NAME, EMAIL, SALES_PAGE)
values(21, 'Kim Wexler', 'wexler_k@gmail.com', 'acessorios');

insert into lead (ID, NAME, EMAIL, SALES_PAGE)
values(22, 'Daniel Ayala', 'ayala.d@outlook.com', 'acessorios');

insert into lead (ID, NAME, EMAIL, SALES_PAGE)
values(23, 'Sobchak', 'sobchak.s@gmail.com', 'acessorios');

insert into lead (ID, NAME, EMAIL, SALES_PAGE)
values(24, 'Kelly Mendoza', 'mendoza_k@icloud.com', 'notebooks');

insert into lead (ID, NAME, EMAIL, SALES_PAGE)
values(25, 'Dr. Cruz', 'cruz.d@icloud.com', 'notebooks');

insert into lead (ID, NAME, EMAIL, SALES_PAGE)
values(26, 'Gale Boetticher', 'boetticher.g@gmail.com', 'acessorios');

insert into lead (ID, NAME, EMAIL, SALES_PAGE)
values(27, 'Lydia Rodarte-Quayle', 'rodarte-quayle_l@icloud.com', 'monitores');

insert into lead (ID, NAME, EMAIL, SALES_PAGE)
values(28, 'Leonel Salamanca', 'salamanca.l@gmail.com', 'notebooks');

insert into lead (ID, NAME, EMAIL, SALES_PAGE)
values(29, 'Viola Goto', 'goto_v@icloud.com', 'notebooks');

insert into lead (ID, NAME, EMAIL, SALES_PAGE)
values(30, 'Sarah Dickerson', 'dickerson_s@gmail.com', 'notebooks');

insert into lead (ID, NAME, EMAIL, SALES_PAGE)
values(31, 'Aimee Mccarthy', 'mccarthy_a@gmail.com', 'notebooks');

insert into lead (ID, NAME, EMAIL, SALES_PAGE)
values(32, 'Kathleen Stevens', 'stevens.k@icloud.com', 'computadores e PCs');

insert into lead (ID, NAME, EMAIL, SALES_PAGE)
values(33, 'Richard Costa', 'costa_r@outlook.com', 'acessorios');

insert into lead (ID, NAME, EMAIL, SALES_PAGE)
values(34, 'Walter White Jr.', 'jr._w@outlook.com', 'acessorios');

insert into lead (ID, NAME, EMAIL, SALES_PAGE)
values(35, 'Alison Turner', 'turner.a@gmail.com', 'monitores');

insert into lead (ID, NAME, EMAIL, SALES_PAGE)
values(36, 'Craig Kettleman', 'kettleman_c@outlook.com', 'computadores e PCs');

insert into lead (ID, NAME, EMAIL, SALES_PAGE)
values(37, 'Elizabeth Bush', 'bush.e@icloud.com', 'acessorios');

insert into lead (ID, NAME, EMAIL, SALES_PAGE)
values(38, 'Dr. Caldera', 'caldera_d@gmail.com', 'acessorios');

insert into lead (ID, NAME, EMAIL, SALES_PAGE)
values(39, 'David Collins', 'collins_d@gmail.com', 'monitores');

insert into lead (ID, NAME, EMAIL, SALES_PAGE)
values(40, 'Kaylee Ehrmantraut', 'ehrmantraut.k@gmail.com', 'notebooks');

insert into lead (ID, NAME, EMAIL, SALES_PAGE)
values(41, 'Roberto Johnson', 'johnson.r@gmail.com', 'notebooks');

insert into lead (ID, NAME, EMAIL, SALES_PAGE)
values(42, 'Rich Schweikart', 'schweikart.r@gmail.com', 'monitores');

insert into lead (ID, NAME, EMAIL, SALES_PAGE)
values(43, 'Jane Margolis', 'margolis.j@outlook.com', 'acessorios');

insert into lead (ID, NAME, EMAIL, SALES_PAGE)
values(44, 'Werner Ziegler', 'ziegler.w@gmail.com', 'acessorios');

insert into lead (ID, NAME, EMAIL, SALES_PAGE)
values(45, 'Maureen Bruckner', 'bruckner_m@icloud.com', 'computadores e PCs');

insert into lead (ID, NAME, EMAIL, SALES_PAGE)
values(46, 'Linda Harvey', 'harvey.l@outlook.com', 'computadores e PCs');

insert into lead (ID, NAME, EMAIL, SALES_PAGE)
values(47, 'Sandra Payne', 'payne.s@outlook.com', 'acessorios');

insert into lead (ID, NAME, EMAIL, SALES_PAGE)
values(48, 'Don Eladio Vuente', 'vuente.d@gmail.com', 'computadores e PCs');

insert into lead (ID, NAME, EMAIL, SALES_PAGE)
values(49, 'Megan Myers', 'myers_m@outlook.com', 'acessorios');

insert into lead (ID, NAME, EMAIL, SALES_PAGE)
values(50, 'Hank Schrader', 'schrader.h@icloud.com', 'notebooks');

insert into lead (ID, NAME, EMAIL, SALES_PAGE)
values(51, 'Marie Schrader', 'schrader_m@gmail.com', 'acessorios');

insert into lead (ID, NAME, EMAIL, SALES_PAGE)
values(52, 'Gustago Fring', 'fring.g@icloud.com', 'monitores');

insert into lead (ID, NAME, EMAIL, SALES_PAGE)
values(53, 'Mary Lyons', 'lyons.m@gmail.com', 'acessorios');

insert into lead (ID, NAME, EMAIL, SALES_PAGE)
values(54, 'Rachel Martin', 'martin_r@icloud.com', 'monitores');

insert into lead (ID, NAME, EMAIL, SALES_PAGE)
values(55, 'Kelly Mcclain', 'mcclain.k@gmail.com', 'computadores e PCs');

insert into lead (ID, NAME, EMAIL, SALES_PAGE)
values(56, 'Scott Leblanc', 'leblanc_s@icloud.com', 'computadores e PCs');

insert into lead (ID, NAME, EMAIL, SALES_PAGE)
values(57, 'Rebecca Woods', 'woods.r@icloud.com', 'monitores');

insert into lead (ID, NAME, EMAIL, SALES_PAGE)
values(58, 'Alicia Richardson', 'richardson_a@outlook.com', 'notebooks');

insert into lead (ID, NAME, EMAIL, SALES_PAGE)
values(59, 'Stacey Ehrmantraut', 'ehrmantraut_s@icloud.com', 'notebooks');

insert into lead (ID, NAME, EMAIL, SALES_PAGE)
values(60, 'Elliott Schwartz', 'schwartz_e@outlook.com', 'acessorios');

insert into lead (ID, NAME, EMAIL, SALES_PAGE)
values(61, 'Robert Baxter', 'baxter.r@icloud.com', 'acessorios');

insert into lead (ID, NAME, EMAIL, SALES_PAGE)
values(62, 'Curtis Mcconnell', 'mcconnell_c@icloud.com', 'computadores e PCs');

insert into lead (ID, NAME, EMAIL, SALES_PAGE)
values(63, 'Saul Goodman', 'goodman_s@gmail.com', 'monitores');

insert into lead (ID, NAME, EMAIL, SALES_PAGE)
values(64, 'Angela Bennett', 'bennett.a@outlook.com', 'monitores');

insert into lead (ID, NAME, EMAIL, SALES_PAGE)
values(65, 'Tara Maldonado', 'maldonado_t@gmail.com', 'acessorios');

insert into lead (ID, NAME, EMAIL, SALES_PAGE)
values(66, 'Mr. Brian Roman', 'roman_m@gmail.com', 'notebooks');

insert into lead (ID, NAME, EMAIL, SALES_PAGE)
values(67, 'Lyle', 'lyle_l@icloud.com', 'notebooks');

insert into lead (ID, NAME, EMAIL, SALES_PAGE)
values(68, 'Todd Alquist', 'alquist.t@outlook.com', 'monitores');

insert into lead (ID, NAME, EMAIL, SALES_PAGE)
values(69, 'Chuck McGill', 'mcgill.c@outlook.com', 'computadores e PCs');

insert into lead (ID, NAME, EMAIL, SALES_PAGE)
values(70, 'Patrick Gutierrez', 'gutierrez_p@outlook.com', 'computadores e PCs');

insert into lead (ID, NAME, EMAIL, SALES_PAGE)
values(71, 'Walter White', 'white_w@gmail.com', 'acessorios');

insert into lead (ID, NAME, EMAIL, SALES_PAGE)
values(72, 'Jesse Pinkman', 'pinkman.j@icloud.com', 'monitores');

insert into lead (ID, NAME, EMAIL, SALES_PAGE)
values(73, 'Billy Miller', 'miller.b@icloud.com', 'monitores');

insert into lead (ID, NAME, EMAIL, SALES_PAGE)
values(74, 'Anthony Aguirre', 'aguirre.a@gmail.com', 'computadores e PCs');

insert into lead (ID, NAME, EMAIL, SALES_PAGE)
values(75, 'Francesca Liddy', 'liddy_f@outlook.com', 'monitores');

insert into lead (ID, NAME, EMAIL, SALES_PAGE)
values(76, 'Zachary Baker', 'baker_z@icloud.com', 'acessorios');

insert into lead (ID, NAME, EMAIL, SALES_PAGE)
values(77, 'Deborah Wright', 'wright_d@icloud.com', 'acessorios');

insert into lead (ID, NAME, EMAIL, SALES_PAGE)
values(78, 'Kevin Wachtell', 'wachtell.k@icloud.com', 'acessorios');

insert into lead (ID, NAME, EMAIL, SALES_PAGE)
values(79, 'Huell Babineaux', 'babineaux.h@gmail.com', 'notebooks');

insert into lead (ID, NAME, EMAIL, SALES_PAGE)
values(80, 'Daniel Wilson', 'wilson.d@gmail.com', 'acessorios');

insert into lead (ID, NAME, EMAIL, SALES_PAGE)
values(81, 'Jimmy McGill', 'mcgill.j@icloud.com', 'monitores');

insert into lead (ID, NAME, EMAIL, SALES_PAGE)
values(82, 'Lado Salamanca', 'salamanca.l@outlook.com', 'acessorios');

insert into lead (ID, NAME, EMAIL, SALES_PAGE)
values(83, 'Heather Moore', 'moore.h@outlook.com', 'monitores');

insert into lead (ID, NAME, EMAIL, SALES_PAGE)
values(84, 'John Hendricks', 'hendricks_j@icloud.com', 'notebooks');

insert into lead (ID, NAME, EMAIL, SALES_PAGE)
values(85, 'Mary Church', 'church_m@gmail.com', 'acessorios');

insert into lead (ID, NAME, EMAIL, SALES_PAGE)
values(86, 'Patrick Daniel', 'daniel_p@gmail.com', 'computadores e PCs');

insert into lead (ID, NAME, EMAIL, SALES_PAGE)
values(87, 'Nacho Varga', 'varga.n@outlook.com', 'notebooks');

insert into lead (ID, NAME, EMAIL, SALES_PAGE)
values(88, 'Kevin Evans', 'evans.k@icloud.com', 'monitores');

insert into lead (ID, NAME, EMAIL, SALES_PAGE)
values(89, 'Yvette Jones', 'jones.y@gmail.com', 'computadores e PCs');

insert into lead (ID, NAME, EMAIL, SALES_PAGE)
values(90, 'Toni Rice DDS', 'dds.t@outlook.com', 'notebooks');

insert into lead (ID, NAME, EMAIL, SALES_PAGE)
values(91, 'Tyler Henderson DDS', 'dds_t@gmail.com', 'acessorios');

insert into lead (ID, NAME, EMAIL, SALES_PAGE)
values(92, 'Ted Beneke', 'beneke_t@outlook.com', 'monitores');

insert into lead (ID, NAME, EMAIL, SALES_PAGE)
values(93, 'Omar', 'omar_o@outlook.com', 'computadores e PCs');

insert into lead (ID, NAME, EMAIL, SALES_PAGE)
values(94, 'Betsy Kettleman', 'kettleman_b@icloud.com', 'monitores');

insert into lead (ID, NAME, EMAIL, SALES_PAGE)
values(95, 'Leah Hayden', 'hayden_l@icloud.com', 'acessorios');

insert into lead (ID, NAME, EMAIL, SALES_PAGE)
values(96, 'Wanda Harris', 'harris_w@icloud.com', 'monitores');

insert into lead (ID, NAME, EMAIL, SALES_PAGE)
values(97, 'Jonathan Williams', 'williams_j@gmail.com', 'notebooks');

insert into lead (ID, NAME, EMAIL, SALES_PAGE)
values(98, 'Tyler Kennedy', 'kennedy.t@gmail.com', 'computadores e PCs');

insert into lead (ID, NAME, EMAIL, SALES_PAGE)
values(99, 'Kathy Olson', 'olson_k@gmail.com', 'computadores e PCs');

insert into lead (ID, NAME, EMAIL, SALES_PAGE)
values(100, 'Amy Lopez', 'lopez_a@outlook.com', 'acessorios');

insert into lead (ID, NAME, EMAIL, SALES_PAGE)
values(101, 'Blake Thomas', 'thomas.b@gmail.com', 'notebooks');

insert into lead (ID, NAME, EMAIL, SALES_PAGE)
values(102, 'Angela French', 'french_a@outlook.com', 'computadores e PCs');

insert into lead (ID, NAME, EMAIL, SALES_PAGE)
values(103, 'Lisa Morris PhD', 'phd.l@outlook.com', 'acessorios');

insert into lead (ID, NAME, EMAIL, SALES_PAGE)
values(104, 'Jeffery Shelton', 'shelton_j@outlook.com', 'acessorios');

insert into lead (ID, NAME, EMAIL, SALES_PAGE)
values(105, 'Patrick Roberts', 'roberts.p@outlook.com', 'notebooks');

insert into lead (ID, NAME, EMAIL, SALES_PAGE)
values(106, 'Patrick Stuart', 'stuart_p@gmail.com', 'acessorios');

insert into lead (ID, NAME, EMAIL, SALES_PAGE)
values(107, 'Gretchen Schwartz', 'schwartz_g@gmail.com', 'acessorios');

insert into lead (ID, NAME, EMAIL, SALES_PAGE)
values(108, 'Danielle Medina', 'medina_d@gmail.com', 'notebooks');

insert into lead (ID, NAME, EMAIL, SALES_PAGE)
values(109, 'Manuel Varga', 'varga.m@icloud.com', 'acessorios');

insert into lead (ID, NAME, EMAIL, SALES_PAGE)
values(110, 'Donald Solis', 'solis_d@outlook.com', 'notebooks');

insert into lead (ID, NAME, EMAIL, SALES_PAGE)
values(111, 'Anita', 'anita.a@outlook.com', 'monitores');

insert into lead (ID, NAME, EMAIL, SALES_PAGE)
values(112, 'Jamie Navarro', 'navarro_j@icloud.com', 'computadores e PCs');

insert into lead (ID, NAME, EMAIL, SALES_PAGE)
values(113, 'Ashley Johnson', 'johnson.a@icloud.com', 'monitores');

insert into lead (ID, NAME, EMAIL, SALES_PAGE)
values(114, 'Joseph Strickland', 'strickland_j@outlook.com', 'monitores');

insert into lead (ID, NAME, EMAIL, SALES_PAGE)
values(115, 'Charles Serrano', 'serrano.c@gmail.com', 'computadores e PCs');

insert into lead (ID, NAME, EMAIL, SALES_PAGE)
values(116, 'Lisa Jones', 'jones_l@gmail.com', 'monitores');

insert into lead (ID, NAME, EMAIL, SALES_PAGE)
values(117, 'Jennifer Johnson', 'johnson.j@gmail.com', 'acessorios');

insert into lead (ID, NAME, EMAIL, SALES_PAGE)
values(118, 'Natalie Griffin', 'griffin.n@icloud.com', 'acessorios');

insert into lead (ID, NAME, EMAIL, SALES_PAGE)
values(119, 'Brent Evans', 'evans.b@outlook.com', 'computadores e PCs');

insert into lead (ID, NAME, EMAIL, SALES_PAGE)
values(120, 'Marco Pasternak', 'pasternak.m@outlook.com', 'acessorios');

insert into lead (ID, NAME, EMAIL, SALES_PAGE)
values(121, 'Robert Smith', 'smith_r@outlook.com', 'computadores e PCs');

insert into lead (ID, NAME, EMAIL, SALES_PAGE)
values(122, 'Sandra Saunders', 'saunders.s@outlook.com', 'acessorios');

insert into lead (ID, NAME, EMAIL, SALES_PAGE)
values(123, 'Scott Fletcher', 'fletcher.s@icloud.com', 'acessorios');

insert into lead (ID, NAME, EMAIL, SALES_PAGE)
values(124, 'Adam Summers', 'summers_a@icloud.com', 'computadores e PCs');

insert into lead (ID, NAME, EMAIL, SALES_PAGE)
values(125, 'Richard Hooper', 'hooper.r@outlook.com', 'notebooks');

insert into lead (ID, NAME, EMAIL, SALES_PAGE)
values(126, 'Rebecca Bois', 'bois_r@gmail.com', 'monitores');

insert into lead (ID, NAME, EMAIL, SALES_PAGE)
values(127, 'Lori Heath', 'heath.l@outlook.com', 'acessorios');

insert into lead (ID, NAME, EMAIL, SALES_PAGE)
values(128, 'Deborah Marshall', 'marshall_d@outlook.com', 'notebooks');

insert into lead (ID, NAME, EMAIL, SALES_PAGE)
values(129, 'Mike Ehrmantraut', 'ehrmantraut_m@outlook.com', 'computadores e PCs');

insert into lead (ID, NAME, EMAIL, SALES_PAGE)
values(130, 'Theresa Moyer', 'moyer_t@icloud.com', 'computadores e PCs');

insert into lead (ID, NAME, EMAIL, SALES_PAGE)
values(131, 'Paige Novick', 'novick_p@icloud.com', 'computadores e PCs');

insert into lead (ID, NAME, EMAIL, SALES_PAGE)
values(132, 'Joshua Walton', 'walton_j@icloud.com', 'computadores e PCs');

insert into lead (ID, NAME, EMAIL, SALES_PAGE)
values(133, 'Kuby', 'kuby.k@outlook.com', 'monitores');

insert into lead (ID, NAME, EMAIL, SALES_PAGE)
values(134, 'Edward Zhang', 'zhang_e@icloud.com', 'monitores');

insert into lead (ID, NAME, EMAIL, SALES_PAGE)
values(135, 'Beth Lozano', 'lozano.b@outlook.com', 'notebooks');

insert into lead (ID, NAME, EMAIL, SALES_PAGE)
values(136, 'Isaiah Ramos', 'ramos.i@outlook.com', 'acessorios');

insert into lead (ID, NAME, EMAIL, SALES_PAGE)
values(137, 'Victor', 'victor_v@icloud.com', 'computadores e PCs');

insert into lead (ID, NAME, EMAIL, SALES_PAGE)
values(138, 'Elizabeth Martinez', 'martinez_e@icloud.com', 'monitores');

